[
{"model": "admin.logentry", "pk": 1, "fields": {"action_time": "2022-08-01T13:18:38.340Z", "user": 1, "content_type": 11, "object_id": "1", "object_repr": "clash royal", "action_flag": 1, "change_message": "[{\"added\": {}}]"}}, {"model": "admin.logentry", "pk": 2, "fields": {"action_time": "2022-08-01T13:18:43.973Z", "user": 1, "content_type": 11, "object_id": "2", "object_repr": "tinder", "action_flag": 1, "change_message": "[{\"added\": {}}]"}}, {"model": "admin.logentry", "pk": 3, "fields": {"action_time": "2022-08-01T13:18:50.291Z", "user": 1, "content_type": 11, "object_id": "3", "object_repr": "trello", "action_flag": 1, "change_message": "[{\"added\": {}}]"}}, {"model": "admin.logentry", "pk": 4, "fields": {"action_time": "2022-08-01T13:18:54.141Z", "user": 1, "content_type": 11, "object_id": "4", "object_repr": "slack", "action_flag": 1, "change_message": "[{\"added\": {}}]"}}, {"model": "admin.logentry", "pk": 5, "fields": {"action_time": "2022-08-01T13:18:57.745Z", "user": 1, "content_type": 11, "object_id": "5", "object_repr": "jira", "action_flag": 1, "change_message": "[{\"added\": {}}]"}}, {"model": "admin.logentry", "pk": 6, "fields": {"action_time": "2022-08-01T13:19:02.855Z", "user": 1, "content_type": 11, "object_id": "6", "object_repr": "confluence", "action_flag": 1, "change_message": "[{\"added\": {}}]"}}, {"model": "admin.logentry", "pk": 7, "fields": {"action_time": "2022-08-01T13:19:08.597Z", "user": 1, "content_type": 11, "object_id": "7", "object_repr": "notion", "action_flag": 1, "change_message": "[{\"added\": {}}]"}}, {"model": "admin.logentry", "pk": 8, "fields": {"action_time": "2022-08-01T13:19:21.616Z", "user": 1, "content_type": 11, "object_id": "8", "object_repr": "motion", "action_flag": 1, "change_message": "[{\"added\": {}}]"}}, {"model": "admin.logentry", "pk": 9, "fields": {"action_time": "2022-08-01T13:19:42.754Z", "user": 1, "content_type": 12, "object_id": "1", "object_repr": "dota", "action_flag": 1, "change_message": "[{\"added\": {}}]"}}, {"model": "admin.logentry", "pk": 10, "fields": {"action_time": "2022-08-01T13:19:50.925Z", "user": 1, "content_type": 12, "object_id": "2", "object_repr": "fruit ninja", "action_flag": 1, "change_message": "[{\"added\": {}}]"}}, {"model": "admin.logentry", "pk": 11, "fields": {"action_time": "2022-08-01T13:19:55.469Z", "user": 1, "content_type": 12, "object_id": "3", "object_repr": "brawl start", "action_flag": 1, "change_message": "[{\"added\": {}}]"}}, {"model": "admin.logentry", "pk": 12, "fields": {"action_time": "2022-08-01T13:19:59.139Z", "user": 1, "content_type": 12, "object_id": "4", "object_repr": "heroes3", "action_flag": 1, "change_message": "[{\"added\": {}}]"}}, {"model": "admin.logentry", "pk": 13, "fields": {"action_time": "2022-08-01T13:20:06.632Z", "user": 1, "content_type": 12, "object_id": "5", "object_repr": "heroes342", "action_flag": 1, "change_message": "[{\"added\": {}}]"}}, {"model": "admin.logentry", "pk": 14, "fields": {"action_time": "2022-08-01T13:20:10.830Z", "user": 1, "content_type": 12, "object_id": "6", "object_repr": "hearthstone", "action_flag": 1, "change_message": "[{\"added\": {}}]"}}, {"model": "admin.logentry", "pk": 15, "fields": {"action_time": "2022-08-01T14:02:13.085Z", "user": 1, "content_type": 12, "object_id": "4", "object_repr": "heroes3", "action_flag": 2, "change_message": "[{\"changed\": {\"fields\": [\"Paid\"]}}]"}}, {"model": "admin.logentry", "pk": 16, "fields": {"action_time": "2022-08-01T14:02:21.027Z", "user": 1, "content_type": 12, "object_id": "3", "object_repr": "brawl start", "action_flag": 2, "change_message": "[{\"changed\": {\"fields\": [\"Paid\"]}}]"}}, {"model": "admin.logentry", "pk": 17, "fields": {"action_time": "2022-08-01T14:02:27.154Z", "user": 1, "content_type": 12, "object_id": "1", "object_repr": "dota", "action_flag": 2, "change_message": "[{\"changed\": {\"fields\": [\"Paid\"]}}]"}}, {"model": "admin.logentry", "pk": 18, "fields": {"action_time": "2022-08-01T14:03:07.456Z", "user": 1, "content_type": 12, "object_id": "1", "object_repr": "dota", "action_flag": 2, "change_message": "[]"}}, {"model": "auth.permission", "pk": 1, "fields": {"name": "Can add log entry", "content_type": 1, "codename": "add_logentry"}}, {"model": "auth.permission", "pk": 2, "fields": {"name": "Can change log entry", "content_type": 1, "codename": "change_logentry"}}, {"model": "auth.permission", "pk": 3, "fields": {"name": "Can delete log entry", "content_type": 1, "codename": "delete_logentry"}}, {"model": "auth.permission", "pk": 4, "fields": {"name": "Can view log entry", "content_type": 1, "codename": "view_logentry"}}, {"model": "auth.permission", "pk": 5, "fields": {"name": "Can add permission", "content_type": 2, "codename": "add_permission"}}, {"model": "auth.permission", "pk": 6, "fields": {"name": "Can change permission", "content_type": 2, "codename": "change_permission"}}, {"model": "auth.permission", "pk": 7, "fields": {"name": "Can delete permission", "content_type": 2, "codename": "delete_permission"}}, {"model": "auth.permission", "pk": 8, "fields": {"name": "Can view permission", "content_type": 2, "codename": "view_permission"}}, {"model": "auth.permission", "pk": 9, "fields": {"name": "Can add group", "content_type": 3, "codename": "add_group"}}, {"model": "auth.permission", "pk": 10, "fields": {"name": "Can change group", "content_type": 3, "codename": "change_group"}}, {"model": "auth.permission", "pk": 11, "fields": {"name": "Can delete group", "content_type": 3, "codename": "delete_group"}}, {"model": "auth.permission", "pk": 12, "fields": {"name": "Can view group", "content_type": 3, "codename": "view_group"}}, {"model": "auth.permission", "pk": 13, "fields": {"name": "Can add content type", "content_type": 4, "codename": "add_contenttype"}}, {"model": "auth.permission", "pk": 14, "fields": {"name": "Can change content type", "content_type": 4, "codename": "change_contenttype"}}, {"model": "auth.permission", "pk": 15, "fields": {"name": "Can delete content type", "content_type": 4, "codename": "delete_contenttype"}}, {"model": "auth.permission", "pk": 16, "fields": {"name": "Can view content type", "content_type": 4, "codename": "view_contenttype"}}, {"model": "auth.permission", "pk": 17, "fields": {"name": "Can add session", "content_type": 5, "codename": "add_session"}}, {"model": "auth.permission", "pk": 18, "fields": {"name": "Can change session", "content_type": 5, "codename": "change_session"}}, {"model": "auth.permission", "pk": 19, "fields": {"name": "Can delete session", "content_type": 5, "codename": "delete_session"}}, {"model": "auth.permission", "pk": 20, "fields": {"name": "Can view session", "content_type": 5, "codename": "view_session"}}, {"model": "auth.permission", "pk": 21, "fields": {"name": "Can add book", "content_type": 6, "codename": "add_book"}}, {"model": "auth.permission", "pk": 22, "fields": {"name": "Can change book", "content_type": 6, "codename": "change_book"}}, {"model": "auth.permission", "pk": 23, "fields": {"name": "Can delete book", "content_type": 6, "codename": "delete_book"}}, {"model": "auth.permission", "pk": 24, "fields": {"name": "Can view book", "content_type": 6, "codename": "view_book"}}, {"model": "auth.permission", "pk": 25, "fields": {"name": "Can add document", "content_type": 7, "codename": "add_document"}}, {"model": "auth.permission", "pk": 26, "fields": {"name": "Can change document", "content_type": 7, "codename": "change_document"}}, {"model": "auth.permission", "pk": 27, "fields": {"name": "Can delete document", "content_type": 7, "codename": "delete_document"}}, {"model": "auth.permission", "pk": 28, "fields": {"name": "Can view document", "content_type": 7, "codename": "view_document"}}, {"model": "auth.permission", "pk": 29, "fields": {"name": "Can add user", "content_type": 8, "codename": "add_customuser"}}, {"model": "auth.permission", "pk": 30, "fields": {"name": "Can change user", "content_type": 8, "codename": "change_customuser"}}, {"model": "auth.permission", "pk": 31, "fields": {"name": "Can delete user", "content_type": 8, "codename": "delete_customuser"}}, {"model": "auth.permission", "pk": 32, "fields": {"name": "Can view user", "content_type": 8, "codename": "view_customuser"}}, {"model": "auth.permission", "pk": 33, "fields": {"name": "Can add refresh token", "content_type": 9, "codename": "add_refreshtoken"}}, {"model": "auth.permission", "pk": 34, "fields": {"name": "Can change refresh token", "content_type": 9, "codename": "change_refreshtoken"}}, {"model": "auth.permission", "pk": 35, "fields": {"name": "Can delete refresh token", "content_type": 9, "codename": "delete_refreshtoken"}}, {"model": "auth.permission", "pk": 36, "fields": {"name": "Can view refresh token", "content_type": 9, "codename": "view_refreshtoken"}}, {"model": "auth.permission", "pk": 37, "fields": {"name": "Can add user status", "content_type": 10, "codename": "add_userstatus"}}, {"model": "auth.permission", "pk": 38, "fields": {"name": "Can change user status", "content_type": 10, "codename": "change_userstatus"}}, {"model": "auth.permission", "pk": 39, "fields": {"name": "Can delete user status", "content_type": 10, "codename": "delete_userstatus"}}, {"model": "auth.permission", "pk": 40, "fields": {"name": "Can view user status", "content_type": 10, "codename": "view_userstatus"}}, {"model": "auth.permission", "pk": 41, "fields": {"name": "Can add app", "content_type": 11, "codename": "add_app"}}, {"model": "auth.permission", "pk": 42, "fields": {"name": "Can change app", "content_type": 11, "codename": "change_app"}}, {"model": "auth.permission", "pk": 43, "fields": {"name": "Can delete app", "content_type": 11, "codename": "delete_app"}}, {"model": "auth.permission", "pk": 44, "fields": {"name": "Can view app", "content_type": 11, "codename": "view_app"}}, {"model": "auth.permission", "pk": 45, "fields": {"name": "Can add game", "content_type": 12, "codename": "add_game"}}, {"model": "auth.permission", "pk": 46, "fields": {"name": "Can change game", "content_type": 12, "codename": "change_game"}}, {"model": "auth.permission", "pk": 47, "fields": {"name": "Can delete game", "content_type": 12, "codename": "delete_game"}}, {"model": "auth.permission", "pk": 48, "fields": {"name": "Can view game", "content_type": 12, "codename": "view_game"}}, {"model": "contenttypes.contenttype", "pk": 1, "fields": {"app_label": "admin", "model": "logentry"}}, {"model": "contenttypes.contenttype", "pk": 2, "fields": {"app_label": "auth", "model": "permission"}}, {"model": "contenttypes.contenttype", "pk": 3, "fields": {"app_label": "auth", "model": "group"}}, {"model": "contenttypes.contenttype", "pk": 4, "fields": {"app_label": "contenttypes", "model": "contenttype"}}, {"model": "contenttypes.contenttype", "pk": 5, "fields": {"app_label": "sessions", "model": "session"}}, {"model": "contenttypes.contenttype", "pk": 6, "fields": {"app_label": "books", "model": "book"}}, {"model": "contenttypes.contenttype", "pk": 7, "fields": {"app_label": "books", "model": "document"}}, {"model": "contenttypes.contenttype", "pk": 8, "fields": {"app_label": "users", "model": "customuser"}}, {"model": "contenttypes.contenttype", "pk": 9, "fields": {"app_label": "refresh_token", "model": "refreshtoken"}}, {"model": "contenttypes.contenttype", "pk": 10, "fields": {"app_label": "graphql_auth", "model": "userstatus"}}, {"model": "contenttypes.contenttype", "pk": 11, "fields": {"app_label": "documents", "model": "app"}}, {"model": "contenttypes.contenttype", "pk": 12, "fields": {"app_label": "documents", "model": "game"}}, {"model": "sessions.session", "pk": "ni693m1oz8cd4fnzk22rf2k0r3ol79ac", "fields": {"session_data": ".eJxVjMsOwiAQRf-FtSE8Bjq4dO83kIGhUjU0Ke3K-O_apAvd3nPOfYlI21rj1ssSJxZnocXpd0uUH6XtgO_UbrPMc1uXKcldkQft8jpzeV4O9--gUq_f2gQmDWwTpJx8AqWKp8KIlhVqcgoV5MEi5hxAK0eEBTQZbwdnxjCK9wflLjeS:1oH1kb:zA-k9FyPfpSQ0llm5HK7oQyoXDbvP9A4PQEwMOsU9-I", "expire_date": "2022-08-11T11:32:21.019Z"}}, {"model": "refresh_token.refreshtoken", "pk": 1, "fields": {"user": 3, "token": "c92b1dcaca7428c653b9d2cce29ba823ef165050", "created": "2022-07-29T10:30:29.523Z", "revoked": null}}, {"model": "refresh_token.refreshtoken", "pk": 2, "fields": {"user": 3, "token": "5143bd4964eb7691d417cd91a44c1e425960cf52", "created": "2022-07-29T10:31:42.182Z", "revoked": null}}, {"model": "refresh_token.refreshtoken", "pk": 3, "fields": {"user": 3, "token": "c9cde5c41f4a5cfa57227d58efc9e7c767611276", "created": "2022-07-29T10:31:45.739Z", "revoked": null}}, {"model": "refresh_token.refreshtoken", "pk": 4, "fields": {"user": 3, "token": "07e1e0e2943cb25ab3cf651dec93528fba400730", "created": "2022-07-29T10:31:46.386Z", "revoked": null}}, {"model": "refresh_token.refreshtoken", "pk": 5, "fields": {"user": 3, "token": "12b3502a1261aedd7aa366df1f25d873f6866994", "created": "2022-07-29T10:31:47.069Z", "revoked": null}}, {"model": "refresh_token.refreshtoken", "pk": 6, "fields": {"user": 3, "token": "66990fe0634ee176b5c6f27f60bdee2ecd7dd382", "created": "2022-07-29T10:31:47.938Z", "revoked": null}}, {"model": "refresh_token.refreshtoken", "pk": 7, "fields": {"user": 3, "token": "94ed2d09d3d04f1c0b12940fd5b550adba963f49", "created": "2022-07-29T10:31:48.568Z", "revoked": null}}, {"model": "refresh_token.refreshtoken", "pk": 8, "fields": {"user": 3, "token": "3b6f23ed37f51af83aaf081cb2339d8fcf54c1e3", "created": "2022-07-29T10:31:49.222Z", "revoked": null}}, {"model": "refresh_token.refreshtoken", "pk": 9, "fields": {"user": 3, "token": "2599a7e7eef228d72bc8083df7b0e1e043577778", "created": "2022-07-29T10:31:49.942Z", "revoked": null}}, {"model": "refresh_token.refreshtoken", "pk": 10, "fields": {"user": 4, "token": "39dfc6108317dc5c7fd8e2d1b209f9ac3dcb77c8", "created": "2022-08-03T09:24:18.448Z", "revoked": null}}, {"model": "refresh_token.refreshtoken", "pk": 11, "fields": {"user": 4, "token": "e8e4048154b13d4478314d4286b60a7a547539c5", "created": "2022-08-03T09:25:52.826Z", "revoked": null}}, {"model": "refresh_token.refreshtoken", "pk": 12, "fields": {"user": 4, "token": "8ee349fa293d8e068911048b3c5ca05c084b800d", "created": "2022-08-03T09:29:58.061Z", "revoked": null}}, {"model": "refresh_token.refreshtoken", "pk": 13, "fields": {"user": 4, "token": "5c1b196503a9ac1697a18042d9e24f4ea5368581", "created": "2022-08-03T09:29:59.485Z", "revoked": null}}, {"model": "refresh_token.refreshtoken", "pk": 14, "fields": {"user": 4, "token": "a0131a9e6b500b7e3f8df67898d61ecf4e4e2ad1", "created": "2022-08-03T09:30:00.630Z", "revoked": null}}, {"model": "refresh_token.refreshtoken", "pk": 15, "fields": {"user": 4, "token": "2657fd8ff63a8cf70134d9fba6a474d3b63a64bf", "created": "2022-08-03T09:30:02.121Z", "revoked": null}}, {"model": "refresh_token.refreshtoken", "pk": 16, "fields": {"user": 4, "token": "2e96b272015e42c10fabacd13eb7d38164542422", "created": "2022-08-03T09:30:02.742Z", "revoked": null}}, {"model": "refresh_token.refreshtoken", "pk": 17, "fields": {"user": 4, "token": "7be5dafce1d90b7cc13d5fa05074333697668690", "created": "2022-08-03T09:30:03.397Z", "revoked": null}}, {"model": "refresh_token.refreshtoken", "pk": 18, "fields": {"user": 4, "token": "f212b0bf0bddab9eba19a90f7959157e6425c454", "created": "2022-08-03T09:30:04.078Z", "revoked": null}}, {"model": "refresh_token.refreshtoken", "pk": 19, "fields": {"user": 4, "token": "4d49429758dfd3b3c358c8c71987beeb5a5c14b8", "created": "2022-08-03T09:30:04.693Z", "revoked": null}}, {"model": "refresh_token.refreshtoken", "pk": 20, "fields": {"user": 4, "token": "329cf06814b85bbb4d86526dafeb818c0cf6b6f8", "created": "2022-08-03T09:30:46.054Z", "revoked": null}}, {"model": "graphql_auth.userstatus", "pk": 1, "fields": {"user": 2, "verified": false, "archived": false, "secondary_email": null}}, {"model": "graphql_auth.userstatus", "pk": 2, "fields": {"user": 3, "verified": true, "archived": false, "secondary_email": null}}, {"model": "graphql_auth.userstatus", "pk": 3, "fields": {"user": 4, "verified": false, "archived": false, "secondary_email": null}}, {"model": "users.customuser", "pk": 1, "fields": {"password": "pbkdf2_sha256$216000$6qtdsFDnhaaw$qzLXLBntLZA03/yhwEH/48Ojmfz8zJTVGRxTRGd7wRY=", "last_login": "2022-07-28T11:32:20.977Z", "is_superuser": true, "username": "123", "first_name": "", "last_name": "", "is_staff": true, "is_active": true, "date_joined": "2022-07-27T22:11:35.763Z", "email": "123@mail.ru", "paid": false, "groups": [], "user_permissions": []}}, {"model": "users.customuser", "pk": 2, "fields": {"password": "pbkdf2_sha256$216000$DhVz4QzarzLv$iFVVYUc4kqHqVM6i0ZHpv6tnhXp4Zhmc2MG2uEPG1fY=", "last_login": null, "is_superuser": true, "username": "test", "first_name": "", "last_name": "", "is_staff": true, "is_active": true, "date_joined": "2022-07-28T11:31:04.216Z", "email": "test@test.com", "paid": false, "groups": [], "user_permissions": []}}, {"model": "users.customuser", "pk": 3, "fields": {"password": "pbkdf2_sha256$216000$PK3jpyNXKotr$o49NnSx64cIao1Q5gyQlHvLHYr1ycK611hVB1VwnBqg=", "last_login": null, "is_superuser": false, "username": "Alex", "first_name": "", "last_name": "", "is_staff": false, "is_active": true, "date_joined": "2022-07-29T10:15:02.056Z", "email": "alex@mail.ru", "paid": false, "groups": [], "user_permissions": []}}, {"model": "users.customuser", "pk": 4, "fields": {"password": "pbkdf2_sha256$260000$zyPKY4YcKyOvdqPEvpYxuS$JGwRgUHX1wQU8zNtzESb0Enron5k9NgO1XeNGt6oe2w=", "last_login": null, "is_superuser": false, "username": "sidai", "first_name": "", "last_name": "", "is_staff": false, "is_active": true, "date_joined": "2022-08-03T09:24:17.975Z", "email": "sidai@bk.ru", "paid": false, "groups": [], "user_permissions": []}}, {"model": "documents.app", "pk": 1, "fields": {"name": "clash royal", "paid": false}}, {"model": "documents.app", "pk": 2, "fields": {"name": "tinder", "paid": false}}, {"model": "documents.app", "pk": 3, "fields": {"name": "trello", "paid": false}}, {"model": "documents.app", "pk": 4, "fields": {"name": "slack", "paid": false}}, {"model": "documents.app", "pk": 5, "fields": {"name": "jira", "paid": false}}, {"model": "documents.app", "pk": 6, "fields": {"name": "confluence", "paid": false}}, {"model": "documents.app", "pk": 7, "fields": {"name": "notion", "paid": false}}, {"model": "documents.app", "pk": 8, "fields": {"name": "motion", "paid": false}}, {"model": "documents.game", "pk": 1, "fields": {"name": "dota", "paid": true}}, {"model": "documents.game", "pk": 2, "fields": {"name": "fruit ninja", "paid": false}}, {"model": "documents.game", "pk": 3, "fields": {"name": "brawl start", "paid": true}}, {"model": "documents.game", "pk": 4, "fields": {"name": "heroes3", "paid": true}}, {"model": "documents.game", "pk": 5, "fields": {"name": "heroes342", "paid": true}}, {"model": "documents.game", "pk": 6, "fields": {"name": "hearthstone", "paid": true}}
]
